Question,Equation,Question2,Equation2,Numbers,Names,answer,comment
어떤 수에 0.5를 곱해야 할 것을 잘못하여 더했더니 0.6가 되었습니다. 바르게 계산한 값은 얼마인지 쓰시오.,( 0.6 - 0.5 ) * 0.5,어떤 수에 number0를 곱해야 할 것을 잘못하여 더했더니 number1가 되었습니다. 바르게 계산한 값은 얼마인지 쓰시오.,( number1 - number0 ) * 0.5,0.5 0.6 ,,0.05,0
"5개의 수 483, 509, 668, 237, 125가 있습니다. 가장 큰 수와 가장 작은 수의 합은 얼마입니까?","max( 483 , 509 , 668 , 237 , 125 ) + min( 483 , 509 , 668 , 237 , 125 )","number0개의 수 number1, number2, number3, number4, number5가 있습니다. 가장 큰 수와 가장 작은 수의 합은 얼마입니까?","max( number1 , number2 , number3 , number4 , number5 ) + min( number1 , number2 , number3 , number4 , number5 )",5 483 509 668 237 125 ,,793,0
"621, 326, 745 중에서 가장 큰 수와 가장 작은 수의 차를 구해 보세요.","max( 621 , 326 , 745 ) + min( 621 , 326 , 745 )","number0, number1, number2 중에서 가장 큰 수와 가장 작은 수의 차를 구해 보세요.","max( number0 , number1 , number2 ) + min( number0 , number1 , number2 )",621 326 745 ,,1071,0
"태형이네 학교에는 남학생이 302명, 여학생이 275명 있습니다. 남학생과 여학생 중에서 어느 쪽이 더 많을까요?",'남학생' if 302 > 275 else '여학생',"name0이네 학교에는 name1이 number0명, name2이 number1명 있습니다. name3과 name4 중에서 어느 쪽이 더 많을까요?",'name1' if number0 > number1 else 'name2',302 275 ,태형 남학생 여학생 ,남학생,0
"61, 4, 7, 72 중에서 가장 큰 수와 가장 작은 수의 곱은 얼마인가요?","max( 61 , 4 , 7 , 72 ) * min( 61 , 4 , 7 , 72 )","number0, number1, number2, number3 중에서 가장 큰 수와 가장 작은 수의 곱은 얼마인가요?","max( number0 , number1 , number2 , number3 ) * min( number0 , number1 , number2 , number3 )",61 4 7 72 ,,288,0
"3개의 수 8.6, 9.1, 8.3 중에서 가장 큰 수는 무엇인가요?","max( 8.6 , 9.1 , 8.3 )","number0개의 수 number1, number2, number3 중에서 가장 큰 수는 name0엇인가요?","max( number1 , number2 , number3 )",3 8.6 9.1 8.3 ,무 ,9.10,0
"69, 44, 32, 23 중 가장 큰 수를 가장 작은 수로 나눈 몫을 구하시오.","max( 69 , 44 , 32 , 23 ) // min( 69 , 44 , 32 , 23 )","number0, number1, number2, number3 중 가장 큰 수를 가장 작은 수로 나눈 몫을 구하시오.","max( number0 , number1 , number2 , number3 ) // min( number0 , number1 , number2 , number3 )",69 44 32 23 ,,3,0
"도화지에 은지는 길이가 3.5cm가 되도록 선분을 그었고, 유나는 2.8cm가 되도록 선분을 그었습니다. 두 사람 중에서 더 긴 선분을 그은 사람은 누구일까요?",'은지' if 3.5 > 2.8 else '유나',"도화지에 name0는 길이가 number0cm가 되도록 선분을 그었고, name1는 number1cm가 되도록 선분을 그었습니다. 두 사람 중에서 더 긴 선분을 그은 사람은 누구일까요?",'name1' if number0 > number1 else 'name0',3.5 2.8 ,유나 은지 ,은지,0
"3, 6, 12, 18 중에서 가장 큰 수를 가장 작은 수로 나눈 몫을 구해 보세요.","max( 3 , 6 , 12 , 18 ) // min( 3 , 6 , 12 , 18 )","number0, number1, number2, number3 중에서 가장 큰 수를 가장 작은 수로 나눈 몫을 구해 보세요.","max( number0 , number1 , number2 , number3 ) // min( number0 , number1 , number2 , number3 )",3 6 12 18 ,,6,0
"248, 875, 536 중에서 가장 큰 수와 가장 작은 수의 차를 구해 보시오.","max( 248 , 875 , 536 ) - min( 248 , 875 , 536 )","number0, number1, number2 중에서 가장 큰 수와 가장 작은 수의 차를 구해 보시오.","max( number0 , number1 , number2 ) - min( number0 , number1 , number2 )",248 875 536 ,,627,0
"8, 40, 12 중 가장 큰 수를 가장 작은 수로 나눈 몫은 얼마인지 쓰시오","max( 8 , 40 , 12 ) // min( 8 , 40 , 12 )","number0, number1, number2 중 가장 큰 수를 가장 작은 수로 나눈 몫은 얼마인지 쓰시오","max( number0 , number1 , number2 ) // min( number0 , number1 , number2 )",8 40 12 ,,5,0
"208, 521, 492 중 가장 큰 수와 가장 작은 수의 합을 구하시오.","max( 208 , 521 , 492 ) + min( 208 , 521 , 492 )","number0, number1, number2 중 가장 큰 수와 가장 작은 수의 합을 구하시오.","max( number0 , number1 , number2 ) + min( number0 , number1 , number2 )",208 521 492 ,,729,0
"395, 472, 218 중 가장 큰 수와 가장 작은 수의 차를 구하시오.","max( 395 , 472 , 218 ) - min( 395 , 472 , 218 )","number0, number1, number2 중 가장 큰 수와 가장 작은 수의 차를 구하시오.","max( number0 , number1 , number2 ) - min( number0 , number1 , number2 )",395 472 218 ,,254,0
"176, 785, 167, 934 중 가장 큰 수와 가장 작은 수의 합을 구하시오.","max( 176 , 785 , 167 , 934 ) + min( 176 , 785 , 167 , 934 )","number0, number1, number2, number3 중 가장 큰 수와 가장 작은 수의 합을 구하시오.","max( number0 , number1 , number2 , number3 ) + min( number0 , number1 , number2 , number3 )",176 785 167 934 ,,1101,0
어떤 수를 4로 나누었을 때 나머지가 될 수 있는 가장 큰 수는 얼마입니까?,4 - 1,어떤 수를 number0로 나누었을 때 나머지가 될 수 있는 가장 큰 수는 얼마입니까?,number0 - 1,4 ,,3,1(최대 나머지)
2부터 9까지의 수 중에서 80을 나누어 떨어지게 하는 수는 모두 몇 개인지 구하시오.,"len( [ i for i in range( 2 , 9 + 1 ) if 80 % i == 0 ] )",number0부터 number1까지의 수 중에서 number2을 나누어 떨어지게 하는 수는 모두 몇 개인지 구하시오.,"len( [ i for i in range( number0 , number1 + 1 ) if number2 % i == 0 ] )",2 9 80 ,,4,1(range)
사탕 96개를 한 사람에게 12개씩 주려고 합니다. 몇 명에게 나누어 줄 수 있습니까?,96 // 12,name0 number0개를 한 사람에게 number1개씩 주려고 합니다. 몇 명에게 나누어 줄 수 있습니까?,96 // 12,96 12 ,사탕 ,8,0
"0.5, 0.4, 0.8, 0.3 중에서 가장 큰 수와 가장 작은 수의 합을 구하시오.","max( 0.5 , 0.4 , 0.8 , 0.3 ) + min( 0.5 , 0.4 , 0.8 , 0.3 )","number0, number1, number2, number3 중에서 가장 큰 수와 가장 작은 수의 합을 구하시오.","max( number0 , number1 , number2 , number3 ) + min( number0 , number1 , number2 , number3 )",0.5 0.4 0.8 0.3 ,,1.10,0
"1.4, 0.9, 0.7, 1.6 중에서 가장 큰 수와 가장 작은 수의 차를 구하시오.","max( 1.4 , 0.9 , 0.7 , 1.6 ) - min( 1.4 , 0.9 , 0.7 , 1.6 )","number0, number1, number2, number3 중에서 가장 큰 수와 가장 작은 수의 차를 구하시오.","max( number0 , number1 , number2 , number3 ) - min( number0 , number1 , number2 , number3 )",1.4 0.9 0.7 1.6 ,,0.90,0
24와 32를 어떤 수로 나누면 두 수 모두 나누어 떨어집니다. 어떤 수 중에서 가장 큰 수를 구하시오.,"math.gcd( 24 , 32 )",number0와 number1를 어떤 수로 나누면 두 수 모두 나누어 떨어집니다. 어떤 수 중에서 가장 큰 수를 구하시오.,"math.gcd( number0 , number1 )",24 32 ,,8,0
20의 약수는 모두 몇 개입니까?,"len( [ i for i in range( 1 , 20 + 1) if 20 % i == 0 ] )",number0의 약수는 모두 몇 개입니까?,"len( [ i for i in range( 1 , number0 + 1) if number0 % i == 0 ] )",20 ,,6,1(range)
25부터 50까지의 수 중에서 4의 배수는 모두 몇 개입니까?,"len( [ i for i in range( 25 , 50 + 1 ) if i % 4 == 0 ] )",number0부터 number1까지의 수 중에서 number2의 name0수는 모두 몇 개입니까?,"len( [ i for i in range( number0 , number1 + 1 ) if i % number2 == 0 ] )",25 50 4 ,배 배 ,6,1(range)
"28로 나누어도 3이 남고, 42로 나누어도 3이 남는 어떤 수가 있습니다. 어떤 수 중에서 가장 작은 수를 구하시오.","min( [ i + 3 for i in range( 42 , 42 * 28 + 1 ) if i % 42 == 0 and i % 28 == 0 ] )","number0로 나누어도 number1이 남고, number2로 나누어도 number3이 남는 어떤 수가 있습니다. 어떤 수 중에서 가장 작은 수를 구하시오.","min( [ i + number3 for i in range( number2 , number2 * number0 + 1 ) if i % number2 == 0 and i % number0 == 0 ] )",28 3 42 3 ,,87,1(range)
"어떤 수로 88을 나누면 나머지가 4이고, 66을 나누면 나머지가 3입니다. 어떤 수가 될 수 있는 수의 개수를 구하시오.","len( [ i for i in range( 1 , 66 ) if 88 % i == 4 and 66 % i == 3 ] )","어떤 수로 number0을 나누면 나머지가 number1이고, number2을 나누면 나머지가 number3입니다. 어떤 수가 될 수 있는 수의 개수를 구하시오.","len( [ i for i in range( 1 , number2 ) if number0 % i == number1 and number2 % i == number3 ] )",88 4 66 3 ,,2,1
"9로 나누어도 4가 남고, 15로 나누어도 4가 남는 어떤 수가 있습니다. 어떤 수 중에서 가장 작은 수를 구하시오.","min( [ i + 4 for i in range( 15 , 9 * 15 + 1 ) if i % 9 == 0 and i % 15 == 0 ] )","number0로 나누어도 number1가 남고, number2로 나누어도 number3가 남는 어떤 수가 있습니다. 어떤 수 중에서 가장 작은 수를 구하시오.","min( [ i + number3 for i in range( number2 , number0 * number2 + 1 ) if i % number0 == 0 and i % number2 == 0 ] )",9 4 15 4 ,,49,1(range)
"15로 나누어도 6이 남고, 27로 나누어도 6이 남는 어떤 수가 있습니다. 어떤 수 중에서 가장 작은 수를 구하시오.","min( [ i + 6 for i in range( 27 , 27 * 15 + 1 ) if i % 15 == 0 and i % 27 == 0 ] )","number0로 나누어도 number1이 남고, number2로 나누어도 number3이 남는 어떤 수가 있습니다. 어떤 수 중에서 가장 작은 수를 구하시오.","min( [ i + number3 for i in range( number2 , number2 * number0 + 1 ) if i % number0 == 0 and i % number2 == 0 ] )",15 6 27 6 ,,141,1(range)
20과 36을 어떤 수로 나누면 두 수 모두 나누어 떨어집니다. 어떤 수 중에서 가장 큰 수를 구하시오.,"math.gcd( 20 , 36 )",number0과 number1을 어떤 수로 나누면 두 수 모두 나누어 떨어집니다. 어떤 수 중에서 가장 큰 수를 구하시오.,"math.gcd( number0 , number1 )",20 36 ,,4,0
"0.39, 0.06, 0.75 중 가장 큰 수와 가장 작은 수의 곱을 구하시오.","max( 0.39 , 0.06 , 0.75 ) * min( 0.39 , 0.06 , 0.75 )","number0, number1, number2 중 가장 큰 수와 가장 작은 수의 곱을 구하시오.","max( number0 , number1 , number2 ) * min( number0 , number1 , number2 )",0.39 0.06 0.75 ,,0.04,0
"27.9, 21.6, 9, 15 중 가장 큰 수를 가장 작은 수로 나눈 몫을 구하시오.","max( 27.9 , 21.6 , 9 , 15 ) // min( 27.9 , 21.6 , 9 , 15 )","number0, number1, number2, number3 중 가장 큰 수를 가장 작은 수로 나눈 몫을 구하시오.","max( number0 , number1 , number2 , number3 ) // min( number0 , number1 , number2 , number3 )",27.9 21.6 9 15 ,,3,0
30부터 50까지의 수 중에서 6의 배수이면서 8의 배수인 수의 개수를 구하시오.,"len( [ i for i in range( 30 , 50 + 1) if i % 6 == 0 and i % 8 == 0 ] )",number0부터 number1까지의 수 중에서 number2의 name0수이면서 number3의 name1수인 수의 개수를 구하시오.,"len( [ i for i in range( number0 , number1 + 1) if i % number2 == 0 and i % number3 == 0 ] )",30 50 6 8 ,배 배 ,1,1(range)
곱셈식 213X20=A0에서 A에 해당하는 숫자를 쓰시오.,( 213 * 20 ) / 10,곱셈식 number0name0number1=name1number2에서 name2에 해당하는 숫자를 쓰시오.,( number0 * number1 ) / 10,213 20 0 ,A X ,426,0
"A, B, C 세 수가 있습니다. A는 B의 14배이고, B는 C의 9배라고 한다면, C가 12일 때 A+B+C를 구하시오.",14 * 9 * 12 + 9 * 12 + 12,"name0, name1, name2 세 수가 있습니다. name3는 name4의 number0name5이고, name6는 name7의 number1name8라고 한다면, name9가 number2일 때 name10+name11+name12를 구하시오.",number0 * number1 * number2 + number1 * number2 + number2,14 9 12 ,A B C 배 배 ,1632,0
"올해 아버지는 오빠의 나이의 4배보다 10살 적고, 할아버지는 아버지의 2배보다 1살 많다고 합니다. 오빠의 나이가 14살이라고 할 때, 할아버지의 연세를 구하시오.",( 14 * 4 - 10 ) * 2 + 1,"올해 아버지는 오빠의 나이의 number0name0보다 number1살 적고, 할아버지는 아버지의 number2name1보다 number3살 많다고 합니다. 오빠의 나이가 number4살이라고 할 때, 할아버지의 연세를 구하시오.",( number4 * number0 - number1 ) * number2 + number3,4 10 2 1 14 ,배 배 ,93,0
민영이는 12살입니다. 동생은 민영이보다 3살 어리고 아버지는 민영이와 동생의 나이의 합의 2배보다 3살 더 많습니다. 아버지의 나이는 몇 살인지 쓰시오.,( 12 + ( 12 - 3 ) ) * 2 + 3,name0이는 number0살입니다. 동생은 name1이보다 number1살 어리고 아버지는 name2이와 동생의 나이의 합의 number2name3보다 number3살 더 많습니다. 아버지의 나이는 몇 살인지 쓰시오.,( number0 + ( number0 - number1 ) ) * number2 + number3,12 3 2 3 ,민영 배 배 ,45,0
어떤 수에 13을 더한 값은 6과 5의 곱에서 8을 뺀 값과 같습니다. 어떤 수는 얼마인지 쓰시오.,( 6 * 5 - 8 ) - 13,어떤 수에 number0을 더한 값은 number1과 number2의 곱에서 number3을 뺀 값과 같습니다. 어떤 수는 얼마인지 쓰시오.,( number1 * number2 - number3 ) - number0,13 6 5 8 ,,9,0
어떤 수를 80으로 나누었을 때 나올 수 있는 나머지 중에서 가장 큰 수를 4로 나누면 나머지는 얼마인지 쓰시오.,( 80 - 1 ) % 4,어떤 수를 number0으로 나누었을 때 나올 수 있는 나머지 중에서 가장 큰 수를 number1로 나누면 나머지는 얼마인지 쓰시오.,( number0 - 1 ) % number1,80 4 ,,3,1(최대 나머지)
"민영이는 한 봉지에 9개씩 들어 있는 구슬 4봉지를 똑같이 3묶음으로 나누어 한 묶음을 가졌습니다. 이 중에서 5개를 친구에게 주고, 언니에게서 3개를 더 받았다면 민영이가 가지고 있는 구슬은 몇 개인지 쓰시오.",( 9 * 4 ) / 3 - 5 + 3,"name0이는 한 봉지에 number0개씩 들어 있는 구슬 number1봉지를 똑같이 number2묶음으로 나누어 한 묶음을 가졌습니다. 이 중에서 number3개를 친구에게 주고, 언니에게서 number4개를 더 받았다면 name1이가 가지고 있는 구슬은 몇 개인지 쓰시오.",( number0 * number1 ) / number2 - number3 + number4,9 4 3 5 3 ,민영 ,10,0
어떤 수에서 428을 뺐더니 435가 되었습니다. 어떤 수는 얼마입니까?,428 + 435,어떤 수에서 number0을 뺐더니 number1가 되었습니다. 어떤 수는 얼마입니까?,428 + 435,428 435 ,,863,0
어떤 수를 4로 나누었더니 42가 되었습니다. 어떤 수는 얼마인가요?,42 * 4,어떤 수를 number0로 나누었더니 number1가 되었습니다. 어떤 수는 얼마인가요?,number1 * number0,4 42 ,,168,0
어떤 수를 3으로 나누었더니 31이 되었습니다. 어떤 수는 얼마인가요?,31 * 3,어떤 수를 number0으로 나누었더니 number1이 되었습니다. 어떤 수는 얼마인가요?,number1 * number0,3 31 ,,93,0
어떤 수를 9로 나누었더니 몫이 8이었습니다. 어떤 수를 구하시오,8 * 9,어떤 수를 number0로 나누었더니 몫이 number1이었습니다. 어떤 수를 구하시오,number1 * number0,9 8 ,,72,0
28을 어떤 수로 나누었더니 몫이 4였습니다.어떤 수를 구하시오.,28 // 4,number0을 어떤 수로 나누었더니 몫이 number1였습니다.어떤 수를 구하시오.,number0 // number1,28 4 ,,7,0
"어떤 수를 5로 나누었더니 몫이 9, 나머지가 4가 되었습니다. 어떤 수는 얼마입니까?",9 * 5 + 4,"어떤 수를 number0로 나누었더니 몫이 number1, 나머지가 number2가 되었습니다. 어떤 수는 얼마입니까?",number1 * number0 + number2,5 9 4 ,,49,0
어떤 수를 30으로 나누었더니 몫이 7이고 나머지가 15였습니다. 어떤 수를 구하시오.,7 * 30 + 15,어떤 수를 number0으로 나누었더니 몫이 number1이고 나머지가 number2였습니다. 어떤 수를 구하시오.,number1 * number0 + number2,30 7 15 ,,225,0
"어떤 수로 80을 나누면 나머지가 2이고, 100을 나누면 나머지가 4입니다. 어떤 수를 구하시오.","min( [ i for i in range( 1 , 80) if 80 % i == 2 and 100 % i == 4 ] )","어떤 수로 number0을 나누면 나머지가 number1이고, number2을 나누면 나머지가 number3입니다. 어떤 수를 구하시오.","min( [ i for i in range( 1 , 80) if number0 % i == number1 and number2 % i == number3 ] )",80 2 100 4 ,,6,0
"어떤 수로 90을 나누면 나머지가 6이고, 110을 나누면 나머지가 2입니다. 어떤 수를 구하시오.","min( [ i for i in range( 1 , 90 ) if 90 % i == 6 and 110 % i == 2 ] )","어떤 수로 number0을 나누면 나머지가 number1이고, number2을 나누면 나머지가 number3입니다. 어떤 수를 구하시오.","min( [ i for i in range( 1 , number0 ) if number0 % i == number1 and number2 % i == number3 ] )",90 6 110 2 ,,12,0
1049에 어떤 수를 곱했더니 1.049가 되었습니다. 어떤 수를 구하시오.,1.049 / 1049,number0에 어떤 수를 곱했더니 number1가 되었습니다. 어떤 수를 구하시오.,number1 / number0,1049 1.049 ,,0,0
찰흙 2.5kg을 5명이 똑같이 나누어 가졌습니다. 한 명이 가진 찰흙은 몇 kg입니까?,2.5 / 5,찰흙 number0kg을 number1명이 똑같이 나누어 가졌습니다. 한 명이 가진 찰흙은 몇 kg입니까?,number0 / number1,2.5 5 ,,0.50,0
어떤 수에 327을 더했더니 544가 되었습니다. 어떤 수를 구해 보세요.,544 - 327,어떤 수에 number0을 더했더니 number1가 되었습니다. 어떤 수를 구해 보세요.,number1 - number0,327 544 ,,217,0
유나 아버지의 나이는 올해 43살입니다. 유나 할아버지의 나이는 아버지 나이의 2배입니다. 할아버지의 나이는 몇 살일까요?,43 * 2,name0 아버지의 나이는 올해 number0살입니다. name1 할아버지의 나이는 아버지 나이의 number1name2입니다. 할아버지의 나이는 몇 살일까요?,number0 * number1,43 2 ,유나 배 배 ,86,0
"어떤 수를 55로 곱하여야 하는데 잘못하여 나누었더니 몫이 13이고, 나머지가 14였습니다. 옳게 계산한 값을 구하시오.",( 55 * 13 + 14 ) * 55,"어떤 수를 number0로 곱하여야 하는데 잘못하여 나누었더니 몫이 number1이고, 나머지가 number2였습니다. 옳게 계산한 값을 구하시오.",( number0 * number1 + number2 ) * number0,55 13 14 ,,40095,0
민영이는 어떤 수에 23을 곱해야 할 것을 나누었더니 몫이 10이고 나머지가 16이었습니다. 민영이가 옳게 계산하면 얼마인지 쓰시오.,( 23 * 10 + 16 ) * 23,name0이는 어떤 수에 number0을 곱해야 할 것을 나누었더니 몫이 number1이고 나머지가 number2이었습니다. name1이가 옳게 계산하면 얼마인지 쓰시오.,( number0 * number1 + number2 ) * number0,23 10 16 ,민영 ,5658,0
어떤 수를 90으로 나누었을 때 나올 수 있는 나머지 중에서 가장 큰 수를 5로 나누면 나머지는 얼마인지 쓰시오.,( 90 - 1 ) % 5,어떤 수를 number0으로 나누었을 때 나올 수 있는 나머지 중에서 가장 큰 수를 number1로 나누면 나머지는 얼마인지 쓰시오.,( number0 - 1 ) % number1,90 5 ,,4,1(최대 나머지)
호석이는 224에 16을 곱해야 하는데 잘못하여 61을 곱하였습니다. 호석이가 잘못하여 계산한 값과 옳게 계산한 값의 차를 구하시오.,abs( 224 * 61 - 224 * 16 ),name0이는 number0에 number1을 곱해야 하는데 잘못하여 number2을 곱하였습니다. name1이가 잘못하여 계산한 값과 옳게 계산한 값의 차를 구하시오.,abs( number0 * number2 - number0 * number1 ),224 16 61 ,호석 ,10080,0
어떤 수에 46을 곱해야 하는데 잘못하여 어떤 수를 74로 나누었더니 몫이 8이고 나머지가 59였습니다. 계산을 옳게 하면 얼마 인지 쓰시오,( 8 * 74 + 59 ) * 46,어떤 수에 number0을 곱해야 하는데 잘못하여 어떤 수를 number1로 나누었더니 몫이 number2이고 나머지가 number3였습니다. 계산을 옳게 하면 얼마 인지 쓰시오,( number2 * number1 + number3 ) * number0,46 74 8 59 ,,30682,0
"어떤 수를 49로 곱하여야 하는데 잘못하여 나누었더니 몫이 17이고, 나머지가 15였습니다. 옳게 계산한 값을 쓰시오.",( 49 * 17 + 15 ) * 49,"어떤 수를 number0로 곱하여야 하는데 잘못하여 나누었더니 몫이 number1이고, 나머지가 number2였습니다. 옳게 계산한 값을 쓰시오.",( number0 * number1 + number2 ) * number0,49 17 15 ,,41552,0
어떤 수에 258을 더해야 할 것을 잘못하여 뺐더니 169가 되었습니다. 바르게 계산하면 얼마인지 구해 보시오. ,( 258 + 169 ) + 258,어떤 수에 number0을 더해야 할 것을 잘못하여 뺐더니 number1가 되었습니다. 바르게 계산하면 얼마인지 구해 보시오. ,( number0 + number1 ) + number0,258 169 ,,685,0
524에서 어떤 수를 빼야 할 것을 잘못하여 더했더니 712가 되었습니다. 바르게 계산하면 얼마인지 구해 보시오.,524 - ( 712 - 524 ),number0에서 어떤 수를 빼야 할 것을 잘못하여 더했더니 number1가 되었습니다. 바르게 계산하면 얼마인지 구해 보시오.,number0 - ( number1 - number0 ),524 712 ,,336,0
어떤 수를 2로 나누어야 할 것을 잘못하여 4로 나누었더니 몫이 3이 되었습니다. 바르게 계산하면 얼마인지 구해 보시오.,( 4 * 3 ) / 2,어떤 수를 number0로 나누어야 할 것을 잘못하여 number1로 나누었더니 몫이 number2이 되었습니다. 바르게 계산하면 얼마인지 구해 보시오.,( number1 * number2 ) / number0,2 4 3 ,,6,0
어떤 수를 4로 나누어야 할 것을 잘못하여 8로 나누었더니 몫이 3이 되었습니다. 바르게 계산하면 얼마인지 구해 보시오.,( 8 * 3 ) / 4,어떤 수를 number0로 나누어야 할 것을 잘못하여 number1로 나누었더니 몫이 number2이 되었습니다. 바르게 계산하면 얼마인지 구해 보시오.,( number1 * number2 ) / number0,4 8 3 ,,6,0
어떤 수를 2로 나누었더니 몫이 8이 되었습니다. 어떤 수를 4로 나눈 몫은 얼마입니까?,( 8 * 2 ) // 4,어떤 수를 number0로 나누었더니 몫이 number1이 되었습니다. 어떤 수를 number2로 나눈 몫은 얼마입니까?,( number1 * number0 ) // number2,2 8 4 ,,4,0
어떤 수에 576을 더해야 할 것을 잘못하여 뺐더니 323이 되었습니다. 바르게 계산하면 얼마인지 쓰시오.,( 323 + 576 ) + 576,어떤 수에 number0을 더해야 할 것을 잘못하여 뺐더니 number1이 되었습니다. 바르게 계산하면 얼마인지 쓰시오.,( number1 + number0 ) + number0,576 323 ,,1475,0
어떤 수에서 297을 빼야 할 것을 잘못하여 더했더니 853이 되었습니다. 바르게 계산하면 얼마인지 쓰시오.,( 853 - 297 ) - 297,어떤 수에서 number0을 빼야 할 것을 잘못하여 더했더니 number1이 되었습니다. 바르게 계산하면 얼마인지 쓰시오.,( number1 - number0 ) - number0,297 853 ,,259,0
어떤 수를 6으로 나누어야 할 것을 잘못하여 4로 나누었더니 몫이 3이 되었습니다. 바르게 계산하면 몫은 얼마입니까?,( 4 * 3 ) // 6,어떤 수를 number0으로 나누어야 할 것을 잘못하여 number1로 나누었더니 몫이 number2이 되었습니다. 바르게 계산하면 몫은 얼마입니까?,( number1 * number2 ) // number0,6 4 3 ,,2,0
어떤 수를 9로 나누어야 할 것을 잘못하여 6으로 나누었더니 몫이 6이 되었습니다. 바르게 계산하면 몫은 얼마입니까?,( 6 * 6 ) // 9,어떤 수를 number0로 나누어야 할 것을 잘못하여 number1으로 나누었더니 몫이 number2이 되었습니다. 바르게 계산하면 몫은 얼마입니까?,( number2 * number2 ) // number0,9 6 6 ,,4,0
어떤 수를 3으로 나누어야 할 것을 잘못하여 2로 나누었더니 몫이 9가 되었습니다. 바르게 계산하면 몫은 얼마인지 쓰시오.,( 2 * 9 ) // 3,어떤 수를 number0으로 나누어야 할 것을 잘못하여 number1로 나누었더니 몫이 number2가 되었습니다. 바르게 계산하면 몫은 얼마인지 쓰시오.,( number1 * number2 ) // number0,3 2 9 ,,6,0
어떤 수에 4를 곱해야 할 것을 잘못하여 4를 더했더니 35가 되었습니다. 바르게 계산한 값을 구하시오,( 35 - 4 ) * 4,어떤 수에 number0를 곱해야 할 것을 잘못하여 number1를 더했더니 number2가 되었습니다. 바르게 계산한 값을 구하시오,( number2 - number1 ) * number0,4 4 35 ,,124,0
어떤 수에 2를 곱해야 할 것을 잘못하여 어떤 수를 2로 나누었더니 몫이 6이 되었습니다.바르게 계산한 값을 구하시오,( 6 * 2 ) * 2,어떤 수에 number0를 곱해야 할 것을 잘못하여 어떤 수를 number1로 나누었더니 몫이 number2이 되었습니다.바르게 계산한 값을 구하시오,( number2 * number1 ) * number0,2 2 6 ,,24,0
어떤 수에 8을 곱해야 할 것을 잘못하여 어떤 수를 8로 나누었더니 몫이 4가 되었습니다.바르게 계산한 값을 구하시오,( 4 * 8 ) * 8,어떤 수에 number0을 곱해야 할 것을 잘못하여 어떤 수를 number1로 나누었더니 몫이 number2가 되었습니다.바르게 계산한 값을 구하시오,( number2 * number1 ) * number0,8 8 4 ,,256,0
어떤 수에 5를 곱해야 할 것을 잘못하여 어떤 수를 5로 나누었더니 몫이 7이 되었습니다.바르게 계산한 값을 구하시오,( 7 * 5 ) * 5,어떤 수에 number0를 곱해야 할 것을 잘못하여 어떤 수를 number1로 나누었더니 몫이 number2이 되었습니다.바르게 계산한 값을 구하시오,( number2 * number1 ) * number0,5 5 7 ,,175,0
어떤 수에 60을 곱해야 할 것을 잘못하여 더했더니 97이 되었습니다. 바르게 계산한 값을 구하시오,( 97 - 60 ) * 60,어떤 수에 number0을 곱해야 할 것을 잘못하여 더했더니 number1이 되었습니다. 바르게 계산한 값을 구하시오,( number1 - number0 ) * number0,60 97 ,,2220,0
어떤 수에 27을 곱해야 할 것을 잘못하여 뺐더니 62가 되었습니다. 바르게 계산한 값을 구하시오,( 62 + 27 ) * 27,어떤 수에 number0을 곱해야 할 것을 잘못하여 뺐더니 number1가 되었습니다. 바르게 계산한 값을 구하시오,( number1 + number0 ) * number0,27 62 ,,2403,0
218에 어떤 수를 곱해야 할 것을 잘못하여 더했더니 225가 되었습니다. 바르게 계산한 값을 구하시오 ,( 225 - 218 ) * 218,number0에 어떤 수를 곱해야 할 것을 잘못하여 더했더니 number1가 되었습니다. 바르게 계산한 값을 구하시오 ,( number1 - number0 ) * number0,218 225 ,,1526,0
어떤 수에 48을 곱해야 할 것을 잘못하여 더했더니 84가 되었습니다. 바르게 계산한 값을 구하시오,( 84 - 48 ) * 48,어떤 수에 number0을 곱해야 할 것을 잘못하여 더했더니 number1가 되었습니다. 바르게 계산한 값을 구하시오,( number1 - number0 ) * number0,48 84 ,,1728,0
어떤 수에서 0.2를 빼야 할 것을 잘못하여 더했더니 0.9가 되었습니다. 어떤 수를 구하시오.,0.9 - 0.2,어떤 수에서 number0를 빼야 할 것을 잘못하여 더했더니 number1가 되었습니다. 어떤 수를 구하시오.,number1 - number0,0.2 0.9 ,,0.70,0
어떤 수의 1/10배는 0.432입니다. 어떤 수의 10배는 얼마입니까?,( 0.432 / ( 1 / 10 ) ) * 10,어떤 수의 number0name0는 number1입니다. 어떤 수의 number2name1는 얼마입니까?,( number1 / number0 ) * number2,1/10 0.432 10 ,배 배 ,43.20,0
어떤 수에서 6.2를 빼야 할 것을 잘못하여 2.6을 뺐더니 5.9가 되었습니다. 바르게 계산하면 얼마입니까?,( 5.9 + 2.6 ) - 6.2,어떤 수에서 number0를 빼야 할 것을 잘못하여 number1을 뺐더니 number2가 되었습니다. 바르게 계산하면 얼마입니까?,( number2 + number1 ) - number0,6.2 2.6 5.9 ,,2.30,0
나눗셈 A/7은 나누어 떨어집니다. A에 들어갈 수 있는 두 자리 수 중 41에 가장 가까운 수를 구하시오.,"min( [ i - 41 for i in range( 10 , 100 ) if i % 7 == 0 ], key = abs ) + 41",나눗셈 name0/number0은 나누어 떨어집니다. name1에 들어갈 수 있는 두 자리 수 중 number1에 가장 가까운 수를 구하시오.,"min( [ i - number1 for i in range( 10 , 100 ) if i % number0 == 0 ], key = abs ) + number1",7 41 ,A ,42,1(두 자리 수)
"3개의 수 2, 6, 8을 한 번씩만 사용하여 세 자리 수를 만들려고 한다. 만들어진 가장 큰 수와 가장 작은 수의 차는 얼마인지 쓰시오.","[ 100 * i[0] + 10 * i[1] + i[2] for i in [ sorted( [ 2 , 6 , 8 ] , reverse = True ) ] ] [0] - [ 100 * i[0] + 10 * i[1] + i[2] for i in [ sorted( [ 2 , 6 , 8 ] ) ] ] [0]","number0개의 수 number1, number2, number3을 한 번씩만 사용하여 세 자리 수를 만들려고 한다. 만들어진 가장 큰 수와 가장 작은 수의 차는 얼마인지 쓰시오.","[ 100 * i[0] + 10 * i[1] + i[2] for i in [ sorted( [ number1 , number2 , number3 ] , reverse = True ) ] ] [0] - [ 100 * i[0] + 10 * i[1] + i[2] for i in [ sorted( [ number1 , number2 , number3 ] ) ] ] [0]",3 2 6 8 ,,594,"1(세 자리 수, [0], 어려운 문제)"
"4장의 수 카드 0, 3, 5, 6이 있습니다. 3장을 뽑아 한 번씩만 사용하여 세 자리 수를 만들려고 합니다. 만들 수 있는 가장 큰 수와 가장 작은 수의 합을 구해 보시오.","[ 100 * i[0] + 10 * i[1] + i[2] for i in [ sorted( [ 0 , 3 , 5 , 6 ] , reverse = True ) ] ] [0] - [ 100 * i[0] + 10 * i[1] + i[2] for i in [ sorted( [ 0 , 3 , 5 , 6 ] ) ] ] [0]","number0장의 수 카드 number1, number2, number3, number4이 있습니다. number5장을 뽑아 한 번씩만 사용하여 세 자리 수를 만들려고 합니다. 만들 수 있는 가장 큰 수와 가장 작은 수의 합을 구해 보시오.","[ 100 * i[0] + 10 * i[1] + i[2] for i in [ sorted( [ number1 , number5 , number3 , number4 ] , reverse = True ) ] ] [0] - [ 100 * i[0] + 10 * i[1] + i[2] for i in [ sorted( [ number1 , number5 , number3 , number4 ] ) ] ] [0]",4 0 3 5 6 3 ,,618,"1(세 자리 수, [0], 어려운 문제)"
"3장의 수 카드 3, 5, 4를 한 번씩만 사용하여 세 자리 수를 만들려고 합니다. 만들 수 있는 가장 큰 수 와 가장 작은 수의 합을 구하시오.","[ 100 * i[0] + 10 * i[1] + i[2] for i in [ sorted( [ 3 , 5 , 4 ] , reverse = True ) ] ] [0] + [ 100 * i[0] + 10 * i[1] + i[2] for i in [ sorted( [ 3 , 5 , 4 ] ) ] ] [0]","number0장의 수 카드 number1, number2, number3를 한 번씩만 사용하여 세 자리 수를 만들려고 합니다. 만들 수 있는 가장 큰 수 와 가장 작은 수의 합을 구하시오.","[ 100 * i[0] + 10 * i[1] + i[2] for i in [ sorted( [ number1 , number2 , number3 ] , reverse = True ) ] ] [0] + [ 100 * i[0] + 10 * i[1] + i[2] for i in [ sorted( [ number1 , number2 , number3 ] ) ] ] [0]",3 3 5 4 ,,888,"1(세 자리 수, [0], 어려운 문제)"
"3장의 수 카드 7, 5, 2를 한 번씩만 사용하여 세 자리 수를 만들려고 합니다. 만들 수 있는 가장 큰 수와 가장 작은 수의 차를 구하시오.","[ 100 * i[0] + 10 * i[1] + i[2] for i in [ sorted( [ 7 , 5 , 2 ] , reverse = True ) ] ] [0] - [ 100 * i[0] + 10 * i[1] + i[2] for i in [ sorted( [ 7 , 5 , 2  ] ) ] ] [0]","number0장의 수 카드 number1, number2, number3를 한 번씩만 사용하여 세 자리 수를 만들려고 합니다. 만들 수 있는 가장 큰 수와 가장 작은 수의 차를 구하시오.","[ 100 * i[0] + 10 * i[1] + i[2] for i in [ sorted( [ number1 , number2 , number3 ] , reverse = True ) ] ] [0] - [ 100 * i[0] + 10 * i[1] + i[2] for i in [ sorted( [ number1 , number2 , number3  ] ) ] ] [0]",3 7 5 2 ,,495,"1(세 자리 수, [0], 어려운 문제)"
"5, 0.5, 12, 4.1 중에서 가장 큰 수와 두 번째로 큰 수의 곱을 구해 보세요.","sorted( [ 5 , 0.5 , 12 , 4.1 ] , reverse = True ) [0] * sorted( [ 5 , 0.5 , 12 , 4.1 ] , reverse = True ) [1]","number0, number1, number2, number3 중에서 가장 큰 수와 두 번째로 큰 수의 곱을 구해 보세요.","sorted( [ number0 , number1 , number2 , number3 ] , reverse = True ) [0] * sorted( [ number0 , number1 , number2 , number3 ] , reverse = True ) [1]",5 0.5 12 4.1 ,,60,"1([0], [1])"
"4.51, 5.73, 3.93 중 가장 큰 수와 가장 작은 수의 합에서 나머지 수를 뺀 값은 얼마인지 쓰시오.","2 * max( 4.51 , 5.73 , 3.93 ) + 2 * min( 4.51 , 5.73 , 3.93 ) - sum( [ 4.51 , 5.73 , 3.93 ] )","number0, number1, number2 중 가장 큰 수와 가장 작은 수의 합에서 나머지 수를 뺀 값은 얼마인지 쓰시오.","2 * max( number0 , number1 , number2 ) + 2 * min( number0 , number1 , number2 ) - sum( [ number0 , number1 , number2 ] )",4.51 5.73 3.93 ,,5.15,0
리본 36m를 6명이 똑같이 나누어 가졌습니다. 한명이 가진 리본은 몇 m인지 구하시오.,36 / 6,리본 number0m를 number1명이 똑같이 나누어 가졌습니다. 한명이 가진 리본은 몇 m인지 구하시오.,number0 / number1,36 6 ,,6,0
철사 12m를 겹치지 않게 모두 사용하여 정삼각형 모양을 한 개 만들었습니다. 이 정삼각형의 한 변의 길이는 몇 m입니까?,12 / 3,철사 number0m를 겹치지 않게 모두 사용하여 정삼각형 모양을 한 개 만들었습니다. 이 정삼각형의 한 변의 길이는 몇 m입니까?,number0 / 3,12 ,,4,1(정삼각형 3)
민영이는 꽃 4개를 만들기 위해 철사 488cm를 4도막으로 똑같이 나누었더니 한 도막의 길이가 122cm였습니다. 정국이도 미영이와 같은 방법으로 철사 4.88m를 사용하여 꽃 4개를 만들려고 합니다. 정국이가 꽃 한 개를 만들기 위해 필요한 철사는 몇 m 입니까?,4.88 / 4,name0이는 꽃 number0개를 만들기 위해 철사 number1cm를 number2도막으로 똑같이 나누었더니 한 도막의 길이가 number3cm였습니다. name1이도 미영이와 같은 방법으로 철사 number4m를 사용하여 꽃 number5개를 만들려고 합니다. name2이가 꽃 한 개를 만들기 위해 필요한 철사는 몇 m 입니까?,number4 / number2,4 488 4 122 4.88 4 ,민영 정국 ,1.22,0
윤기는 자전거를 타고 일정한 빠르기로 7시간 동안 4.9km를 달렸습니다. 윤기가 한 시간 동안 달린 거리는 몇 km입니까?,4.9 / 7,name0는 name1를 타고 일정한 빠르기로 number0시간 동안 number1km를 달렸습니다. name2가 한 시간 동안 달린 거리는 몇 km입니까?,number1 / number0,7 4.9 ,윤기 자전거 ,0.70,0
물을 증발시켜 소금을 얻는 실험을 하고 있습니다. 소금물 10.5L를 비커 5개에 똑같이 나누어 담으려고 합니다. 비커 한 개에 담을 수 있는 소금물은 몇 L입니까?,10.5 / 5,물을 증발시켜 소금을 얻는 실험을 하고 있습니다. 소금물 number0name0를 비커 number1개에 똑같이 나누어 담으려고 합니다. 비커 한 개에 담을 수 있는 소금물은 몇 name1입니까?,number0 / number1,10.5 5 ,L ,2.10,0
천을 지민이는 250m 가지고 있고 태형이는 2.5m 가지고 있습니다. 지민이가 가지고 있는 천의 길이는 태형이가 가지고 있는 천의 길이의 몇 배입니까?,250 / 2.5,천을 name0이는 number0m 가지고 있고 name1이는 number1m 가지고 있습니다. name2이가 가지고 있는 천의 길이는 name3이가 가지고 있는 천의 길이의 몇 name4입니까?,number0 / number1,250 2.5 ,태형 지민 배 배 ,100,0
"4개의 수 25, 47, 5, 88가 있습니다. 그 중에서 가장 큰 수를 가장 작은 수로 나눈 몫을 구하시오.","max( 25 , 47 , 5 , 88 ) // min( 25 , 47 , 5 , 88 )","number0개의 수 number1, number2, number3, number4가 있습니다. 그 중에서 가장 큰 수를 가장 작은 수로 나눈 몫을 구하시오.","max( number1 , number2 , number3 , number4 ) // min( number1 , number2 , number3 , number4 )",4 25 47 5 88 ,,17,0
어떤 수에 9를 곱했더니 81가 되었습니다. 어떤 수를 구하시오.,81 / 9,어떤 수에 number0를 곱했더니 number1가 되었습니다. 어떤 수를 구하시오.,number1 / number0,9 81 ,,9,0
둘레가 18.6cm인 정육각형의 한 변의 길이는 몇 cm입니까?,18.6 / 6,둘레가 number0cm인 정육각형의 한 변의 길이는 몇 cm입니까?,number0 / 6,18.6 ,,3.10,1(정육각형 6)
넓이가 21cm^2인 직사각형이 있습니다. 이 직사각형의 가로가 4.2cm일 때 세로는 몇 cm입니까?,21 / 4.2,넓이가 number0cm^number1인 직사각형이 있습니다. 이 직사각형의 가로가 number2cm일 때 세로는 몇 cm입니까?,number0 / number2,21 2 4.2 ,,5,0
넓이가 45cm^2인 마름모가 있습니다. 이 마름모의 한 대각선의 길이가 12cm일 때 다른 대각선의 길이는 몇 cm입니까?,2 * 45 / 12,넓이가 number0cm^number1인 마름모가 있습니다. 이 마름모의 한 대각선의 길이가 number2cm일 때 다른 대각선의 길이는 몇 cm입니까?,2 * number0 / number2,45 2 12 ,,7.50,1(마름모 넓이 구할때 1/2)
모서리의 길이가 같은 삼각뿔과 사각기둥이 있습니다. 삼각뿔의 모서리의 길이의 합이 12cm일 때 사각기둥의 모서리의 길이의 합은 몇 cm입니까?,2 * 12,모서리의 길이가 같은 삼각뿔과 사각기둥이 있습니다. 삼각뿔의 모서리의 길이의 합이 number0cm일 때 사각기둥의 모서리의 길이의 합은 몇 cm입니까?,2 * number0,12 ,,24,1(삼각뿔과 사각기둥 모서리 길이 합 2배 차이)
"가로가 4.8m인 텃밭에 고추 모종 6개를 같은 간격으로 그림과 같이 심으려고 합니다. 모종 사이의 간격을 몇 m로 해야 합니까? (단, 모종의 두께는 생각하지 않습니다.)",4.8 / 6,"가로가 number0m인 텃밭에 고추 모종 number1개를 같은 간격으로 그림과 같이 심으려고 합니다. 모종 사이의 간격을 몇 m로 해야 합니까? (단, 모종의 두께는 생각하지 않습니다.)",number0 / number1,4.8 6 ,,0.80,0
"무게가 같은 참외가 한 봉지에 5개씩 들어있습니다. 5봉지의 무게가 9kg일 때 참외 한 개의 무게는 몇 kg인지 소수로 나타내어 보시오. (단, 봉지의 무게는 생각하지 않습니다.)",( 9 / 5 ) / 5,"name0게가 같은 참외가 한 봉지에 number0개씩 들어있습니다. number1봉지의 name1게가 number2kg일 때 참외 한 개의 name2게는 몇 kg인지 소수로 나타내어 보시오. (단, 봉지의 name3게는 생각하지 않습니다.)",( number2 / number1 ) / number1,5 5 9 ,무 ,0.36,0
어떤 수를 6으로 나누어야 할 것을 잘못하여 곱했더니 69.12가 되었습니다. 바르게 계산했을 때 몫을 구하시오.,( 69.12 / 6 ) // 6,어떤 수를 number0으로 나누어야 할 것을 잘못하여 곱했더니 number1가 되었습니다. 바르게 계산했을 때 몫을 구하시오.,( number1 / number0 ) // number0,6 69.12 ,,1,0
어떤 수를 6으로 나누어야 할 것을 잘못하여 곱했더니 69.12가 되었습니다. 바르게 계산했을 때 몫을 구하시오.,( 69.12 / 6 ) // 6,어떤 수를 number0으로 나누어야 할 것을 잘못하여 곱했더니 number1가 되었습니다. 바르게 계산했을 때 몫을 구하시오.,( number1 / number0 ) // number0,6 69.12 ,,1,0
"수 카드 4, 6, 5, 8 중 3장을 골라 한 번씩만 사용하여 가장 작은 소수 두 자리 수를 만들고, 남은 수 카드의 수로 나누었을 때 몫은 얼마입니까?","[ i[0] + 0.1 * i[1] + 0.01 * i[2] for i in [ sorted( [ 4 , 6 , 5 , 8 ] ) ] ] [0] // max( 4 , 6 , 5 , 8 )","수 카드 number0, number1, number2, number3 중 number4장을 골라 한 번씩만 사용하여 가장 작은 소수 number5자리 수를 만들고, 남은 수 카드의 수로 나누었을 때 몫은 얼마입니까?","[ i[0] + 0.1 * i[1] + 0.01 * i[2] for i in [ sorted( [ number0 , number1 , number2 , number3 ] ) ] ] [0] // max( number0 , number1 , number2 , number3 )",4 6 5 8 3 2 ,,0,"1(소수 두 자리 수, [0])"
현석이는 물에 포도 원액 180mL를 넣어 포도주스 300mL를 만들었습니다. 현석이가 만든 포도주스에서 포도주스 양에 대한 포도 원액 양의 비율을 구하시오.,180 / 300,현석이는 물에 name0 원액 number0mname1를 넣어 name2name3 number1mname4를 만들었습니다. 현석이가 만든 name5name6에서 name7name8 양에 대한 name9 원액 양의 비율을 구하시오.,number0 / number1,180 300 ,L 포도 주스 ,0.60,0
소금 50g을 녹여 소금물 200g을 만들었습니다. 이 소금물에서 소금물 양에 대한 소금 양의 비율은 몇 %입니까?,( 50 / 200 ) * 100,소금 number0g을 녹여 소금물 number1g을 만들었습니다. 이 소금물에서 소금물 양에 대한 소금 양의 비율은 몇 %입니까?,( number0 / number1 ) * 100,50 200 ,,25,0
어느 옷 가게에서 가격이 15000원인 바지를 12000원으로 할인하여 판매하고 있습니다. 바지의 할인율은 몇 %입니까?,( 15000 - 12000 ) / 15000 * 100,어느 옷 가게에서 가격이 number0원인 바지를 number1원으로 할인하여 판매하고 있습니다. 바지의 할인율은 몇 %입니까?,( number0 - number1 ) / number0 * 100,15000 12000 ,,20,0
"자동차는 42km를 가는 데 30분이 걸렸고, 오토바이는 52km를 가는 데 40분이 걸렸습니다. 각 이동수단의 걸린 시간에 대한 달린 거리의 비율을 각각 구하여 어느 이동수단이 더 빠른지 써 보시오.",'자동차' if 42 / 30 > 52 / 40 else '오토바이',"name0는 number0km를 가는 데 number1분이 걸렸고, name1는 number2km를 가는 데 number3분이 걸렸습니다. 각 이동수단의 걸린 시간에 대한 달린 거리의 비율을 각각 구하여 어느 이동수단이 더 빠른지 써 보시오.",'name1' if number0 / number1 > number2 / number3 else 'name0',42 30 52 40 ,오토바이 자동차 ,자동차,0
"남준이는 물 180g에 소금 20g을 녹여 소금물을 만들었고, 석진이는 물 240g에 소금 60g을 녹여 소금물을 만들었습니다. 소금물 양에 대한 소금 양의 비율을 각각 구하여 누가 만든 소금물이 더 진한지 써 보시오.",'남준' if 20 / ( 180 + 20 ) > 60 / ( 240 + 60 ) else '석진',"name0이는 물 number0g에 소금 number1g을 녹여 소금물을 만들었고, name1이는 물 number2g에 소금 number3g을 녹여 소금물을 만들었습니다. 소금물 양에 대한 소금 양의 비율을 각각 구하여 누가 만든 소금물이 더 진한지 써 보시오.",'name0' if number1 / ( number0 + number1 ) > number3 / ( number2 + number3 ) else 'name1',180 20 240 60 ,남준 석진 ,석진,0
"은지와 유나는 야구 선수입니다. 은지는 20타수 중에서 안타를 9개 쳤고, 유나는 25타수 중에서 안타를 11개 쳤습니다. 누구의 타율이 더 높습니까?",'은지' if 9 / 20 > 11 / 25 else '유나',"name0와 name1는 야구 선수입니다. name2는 number0타수 중에서 안타를 number1개 쳤고, name3는 number2타수 중에서 안타를 number3개 쳤습니다. 누구의 타율이 더 높습니까?",'name1' if number1 / number0 > number3 / number2 else 'name0',20 9 25 11 ,유나 은지 ,은지,0
190mL 미만 크기의 빈 병 1개를 반납하면 받을 수 있는 빈 병 보증금이 2017년부터 20원에서 70원으로 올랐습니다. 빈 병 보증금의 인상률은 몇 %입니까?,( 70 - 20 ) / 20 * 100,number0mname0 미만 크기의 빈 병 number1개를 반납하면 받을 수 있는 빈 병 보증금이 number2년부터 number3원에서 number4원으로 올랐습니다. 빈 병 보증금의 인상률은 몇 %입니까?,( number4 - number3 ) / number3 * 100,190 1 2017 20 70 ,L ,250,1(퍼센트)
색연필의 길이는 11.3cm이고 크레파스의 길이는 6cm입니다. 색연필의 길이는 크레파스의 길이의 몇 배인지 반올림하여 소수 셋째 자리까지 나타내어 보시오.,"round( 11.3 / 6 , 3 )",색연필의 길이는 number0cm이고 크레파스의 길이는 number1cm입니다. 색연필의 길이는 크레파스의 길이의 몇 name0인지 반올림하여 소수 number2째 자리까지 나타내어 보시오.,"round( number0 / number1 , number2 )",11.3 6 3 ,배 배 ,1.88,1(소수 셋째 자리)
들이가 66.4L인 욕조에 물을 가득 채우려고 합니다. 들이가 4L인 그릇으로 물을 채우려면 적어도 몇 번 부어야 합니까?,math.ceil( 66.4 / 4 ),들이가 number0name0인 욕조에 물을 가득 채우려고 합니다. 들이가 number1name1인 그릇으로 물을 채우려면 적어도 몇 번 부어야 합니까?,math.ceil( number0 / number1 ),66.4 4 ,L ,17,0
일정한 빠르기로 1시간 30분 동안 102km를 갈 수 있는 자동차가 있습니다. 이 자동차는 한 시간 동안 몇 km를 갈 수 있습 니까?,102 / 1.5,일정한 빠르기로 number0시간 number1분 동안 number2km를 갈 수 있는 name0가 있습니다. 이 name1는 한 시간 동안 몇 km를 갈 수 있습 니까?,number2 / 1.5,1 30 102 ,자동차 ,68,1(1시간 30분 -> 1.5 시간)
"(가) 마트에서 파는 1.5L짜리 주스는 1260원이고, (나) 마트에서 파는 0.6L짜리 주스는 750원입니다. 같은 양의 주스를 산다면 어느 마트가 더 저렴한지 구하시오.",'(가)' if 1260 / 1.5 < 750 / 0.6 else '(나)',"name0 마트에서 파는 number0name1짜리 name2는 number1원이고, name3 마트에서 파는 number2name4짜리 name5는 number3원입니다. 같은 양의 name6를 산다면 어느 마트가 더 저렴한지 구하시오.",'(name1)' if number1 / number0 < number3 / number2 else '(name2)',1.5 1260 0.6 750 ,L (가) (나) 주스 ,(가),0
지민이가 탄 자동차가 일정한 빠르기로 9km를 가는 데 6분이 걸렸습니다. 같은 빠르기로 270km를 간다면 몇 시간이 걸립니까?,( 270 / ( 9 / 6 ) ) / 60,name0이가 탄 name1가 일정한 빠르기로 number0km를 가는 데 number1분이 걸렸습니다. 같은 빠르기로 number2km를 간다면 몇 시간이 걸립니까?,( number2 / ( number0 / number1 ) ) / 60,9 6 270 ,지민 자동차 ,3,0
민영이네 반 학생의 20%가 이번 주말에 과수원에 갔습니다. 주말에 과수원에 간 민영이네 반 학생이 5명이라면 민영이네 반 전체 학생은 몇 명입니까?,5 / ( 20 / 100 ),name0이네 반 학생의 number0%가 이번 주말에 과수원에 갔습니다. 주말에 과수원에 간 name1이네 반 학생이 number1명이name2 name3이네 반 전체 학생은 몇 명입니까?,number1 / ( number0 / 100 ),20 5 ,민영 라면 ,25,1(퍼센트)
"맞물려 돌아가는 두 톱니바퀴가 있습니다. 톱니바퀴 (가)의 톱니 수는 9개, 톱니바퀴 (나)의 톱니 수는 24개입니다. 톱니바퀴 (가)를 104바퀴 회전시킬 때 톱니바퀴 (나)는 몇 바퀴 회전합니까?",( 9 * 104 ) / 24,"맞물려 돌아가는 두 톱니바퀴가 있습니다. 톱니바퀴 name0의 톱니 수는 number0개, 톱니바퀴 name1의 톱니 수는 number1개입니다. 톱니바퀴 name2를 number2바퀴 회전시킬 때 톱니바퀴 name3는 몇 바퀴 회전합니까?",( number0 * number2 ) / number1,9 24 104 ,(가) (나) ,39,0
구슬을 7:4로 나누었더니 더 많은 쪽의 구슬이 91개였습니다. 나누기 전의 구슬은 몇 개인지 구하시오.,( 91 / 7 ) *11,구슬을 number0:number1로 나누었더니 더 많은 쪽의 구슬이 number2개였습니다. 나누기 전의 구슬은 몇 개인지 구하시오.,( number2 / number0 ) *(number0+number1),7 4 91 ,,143,0
"호석이네 반은 남학생이 17명, 여학생이 14명입니다. 호석이네 반 학생 중에서 안경을 낀 학생이 8명이라면 안경을 끼지 않은 학생은 몇 명인지 구하시오.",17 + 14 - 8,"name0이네 반은 name1이 number0명, name2이 number1명입니다. name3이네 반 학생 중에서 안경을 낀 학생이 number2명이name4 안경을 끼지 않은 학생은 몇 명인지 구하시오.",number0 + number1 - number2,17 14 8 ,호석 라면 남학생 여학생 ,23,0
유정이는 문방구에서 650원짜리 연필 한 자루와 900원짜리 공책 한 권을 사고 2000원을 냈습니다. 유정이가 받은 거스름돈은 얼마인지 하나의 식으로 나타내고 답을 구하시오.,2000 - 650 - 900,name0이는 문방구에서 number0원짜리 연필 number1자루와 number2원짜리 공책 한 권을 사고 number3원을 냈습니다. name1이가 받은 거스름돈은 얼마인지 number4의 식으로 나타내고 답을 구하시오.,number3 - number0 - number2,650 1 900 2000 1 ,유정 ,450,0
한 상자에 30개씩 들어 있는 배가 8상자 있습니다. 이 배를 다시 5상자에 똑같이 나누어 담는다면 한 상자에 배를 몇 개씩 담아야 하는지 구하시오.,( 30 * 8 ) / 5,한 상자에 number0개씩 들어 있는 name0가 number1상자 있습니다. 이 name1를 다시 number2상자에 똑같이 나누어 담는다면 한 상자에 name2를 몇 개씩 담아야 하는지 구하시오.,( number0 * number1 ) / number2,30 8 5 ,배 배 ,48,0
정국이는 딱지를 85장 가지고 있었습니다. 그중에서 27장은 동생에게 주고 남은 것을 형과 똑같이 나누어 가졌습니다. 친구에게 7장을 더 받았다면 정국이가 가지고 있는 딱지는 몇 장인지 구하시오.,( 87 - 27 ) / 2 + 7,name0이는 딱지를 number0장 가지고 있었습니다. 그중에서 number1장은 동생에게 주고 남은 것을 형과 똑같이 나누어 가졌습니다. 친구에게 number2장을 더 받았다면 name1이가 가지고 있는 딱지는 몇 장인지 구하시오.,( 87 - number1 ) / 2 + number2,85 27 7 ,정국 ,37,0
"수 카드 2, 4, 8을 한 번씩 사용하여 식 'A*(8/B)+5-C'을 만들려고 합니다. 계산 결과가 가장 클 때는 얼마인지 구하시오.","max( [ i[0] * ( 8 / i[1] ) + 5 - i[2] for i in list( itertools.permutations( [ 2 , 4 , 8 ] , len( [ 2 , 4 , 8 ] ) ) ) ] )","수 카드 number0, number1, number2을 한 번씩 사용하여 식 'name0*(number3/name1)+number4-name2'을 만들려고 합니다. 계산 결과가 가장 클 때는 얼마인지 구하시오.","max( [ i[0] * ( number3 / i[1] ) + number4 - i[2] for i in list( itertools.permutations( [ number0 , number1 , number3 ] , len( [ number0 , number1 , number3 ] ) ) ) ] )",2 4 8 8 5 ,A B C ,33,"1(인덱싱, 어려운 문제)"
식 'A*4 < 25-42/(4+3)'를 만족하는 자연수 A의 갯수를 구하시오.,"len( [ i for i in range( 1 , math.ceil( ( 25 - 42 / ( 4 + 3 ) ) / 4 ) ) ] )",식 'name0*number0 < number1-number2/(number3+number4)'를 만족하는 자연수 name1의 갯수를 구하시오.,"len( [ i for i in range( 1 , math.ceil( ( number1 - number2 / ( number3 + number4 ) ) / number3 ) ) ] )",4 25 42 4 3 ,A ,4,1(자연수)
24와 32를 어떤 수로 나누면 두 수 모두 나누어떨어집니다. 어떤 수 중에서 가장 큰 수를 구하시오.,"math.gcd( 24 , 32 )",number0와 number1를 어떤 수로 나누면 number2수 모두 나누어떨어집니다. 어떤 수 중에서 가장 큰 수를 구하시오.,"math.gcd( number0 , number1 )",24 32 2 ,,8,0
7의 배수 중에서 22보다 크고 57보다 작은 수는 몇 개인지 구하시오.,"len( [ i for i in range( 22 + 1 , 57 ) if i % 7 == 0 ] )",number0의 name0수 중에서 number1보다 크고 number2보다 작은 수는 몇 개인지 구하시오.,"len( [ i for i in range( number1 + 1 , number2 ) if i % number0 == 0 ] )",7 22 57 ,배 배 ,5,1(22 초과)
"12가 A의 약수일 때, A가 될 수 있는 수 중 100에 가장 가까운 수를 구하시오.","min( [ i - 100 for i in range( 12 , 12 * math.ceil( 100 / 12 ) + 1 ) if i % 12 == 0 ] , key = abs ) + 100","number0가 name0의 약수일 때, name1가 될 수 있는 수 중 number1에 가장 가까운 수를 구하시오.","min( [ i - number1 for i in range( number0 , number0 * math.ceil( number1 / number0 ) + 1 ) if i % number0 == 0 ] , key = abs ) + number1",12 100 ,A ,96,"1(range, 어려운 문제)"
"7, 14, 21, 28, 35와 같은 규칙으로 수를 배열하고 있습니다. 15번째 수를 구하시오.","[ 7 , 14 , 21 , 28 , 35 ] [0] + ( 15 - 1 ) * ( [ 7 , 14 , 21 , 28 , 35 ] [1] - [ 7 , 14 , 21 , 28 , 35 ] [0] )","number0, number1, number2, number3, number4와 같은 규칙으로 수를 name0number5하고 있습니다. number6번째 수를 구하시오.","[ number0 , number1 , number2 , number3 , number4 ] [0] + ( number6 - 1 ) * ( [ number0 , number1 , number2 , number3 , number4 ] [1] - [ number0 , number1 , number2 , number3 , number4 ] [0] )",7 14 21 28 35 10 15 ,배 배 ,105,1(공차 구하기)
6과 9의 공배수 중에서 100에 가장 가까운 수는 얼마인가?,"min( [ i - 100 for i in range( max( 6 , 9 ) , max( 6 * math.ceil( 100 / 6 ) , 9 * math.ceil( 100 / 9 ) ) + 1 ) if i % 6 == 0 and i % 9 == 0 ] , key = abs ) + 100",number0과 number1의 공name0수 중에서 number2에 가장 가까운 수는 얼마인가?,"min( [ i - number2 for i in range( max( number0 , number1 ) , max( number0 * math.ceil( number2 / number0 ) , number1 * math.ceil( number2 / number1 ) ) + 1 ) if i % number0 == 0 and i % number1 == 0 ] , key = abs ) + number2",6 9 100 ,배 배 ,108,"1(range, 어려운 문제)"
사과 16개와 귤 20개를 최대한 많은 학생에게 남김없이 똑같이 나누어 주려고 합니다. 최대 몇 명의 학생에게 나누어 줄 수 있습니까?,"math.gcd( 16 , 20 )",name0 number0개와 name1 number1개를 최대한 많은 학생에게 남김없이 똑같이 나누어 주려고 합니다. 최대 몇 명의 학생에게 나누어 줄 수 있습니까?,"math.gcd( number0 , number1 )",16 20 ,사과 귤 ,4,0
"태형이네 가족은 10주에 한 번씩 이웃 돕기 성금을 내고, 15주에 한 번씩 봉사 활동을 합니다. 이번 주에 두 가지를 동시에 하였다면 다음번에 처음으로 두 가지를 동시에 할 때는 몇 주 후입니까?","min( [ i for i in range( max( 10 , 15 ) , 10 * 15 + 1 ) if i % 10 == 0 and i % 15 == 0 ] )","name0이네 가족은 number0주에 한 번씩 이웃 돕기 성금을 내고, number1주에 한 번씩 봉사 활동을 합니다. 이번 주에 number2가지를 동시에 하였다면 다음번에 처음으로 number3가지를 동시에 할 때는 몇 주 후입니까?","min( [ i for i in range( max( number0 , number1 ) , number0 * number1 + 1 ) if i % number0 == 0 and i % number1 == 0 ] )",10 15 2 2 ,태형 ,30,0
"유나는 왼쪽부터 검은색 바둑돌과 흰색 바둑돌을 번갈아가며 30개 놓았고, 지민이는 왼쪽부터 검은색 바둑돌 2개, 흰색 바둑돌 하나를 반복해서 30개 놓았다. 이 때, 같은 자리에 흰색 바둑돌을 놓는 경우는 모두 몇 번입니까?","len( [ j for j in [ i for i in range( ( 1 + 1 ) - 1 , 30 , 1 + 1 ) ] if j in [ i for i in range( ( 2 + 1 ) - 1 , 30 , 2 + 1 ) ] ] )","name0는 왼쪽부터 name1 바둑돌과 name2 바둑돌을 번갈아가며 number0개 놓았고, name3이는 왼쪽부터 name4 바둑돌 number1개, name5 바둑돌 number2를 반복해서 number3개 놓았다. 이 때, 같은 자리에 name6 바둑돌을 놓는 경우는 모두 몇 번입니까?","len( [ j for j in [ i for i in range( ( number2 + number2 ) - number2 , number3 , number2 + number2 ) ] if j in [ i for i in range( ( number1 + number2 ) - number2 , number3 , number1 + number2 ) ] ] )",30 2 1 30 ,유나 지민 흰색 검은색 ,5,"1(range, 어려운 문제)"
"어떤 수로 87을 나누면 나머지가 2이고, 126을 나누면 나머지가 1입니다. 어떤 수를 구하시오.","math.gcd( 87 - 2 , 126 - 1 )","어떤 수로 number0을 나누면 나머지가 number1이고, number2을 나누면 나머지가 number3입니다. 어떤 수를 구하시오.","math.gcd( number0 - number1 , number2 - number3 )",87 2 126 1 ,,5,0
